id_region,nombre_region,id_comuna,nombre_comuna,2020-04-01,2020-04-03,2020-04-06,2020-04-08,2020-04-10,2020-04-13,2020-04-15,2020-04-17,2020-04-20,2020-04-24,2020-04-27,2020-05-01
1,Tarapaca,1101,Iquique,4.0,1.0,3.0,3.0,2.0,8.0,0.0,5.0,5.0,22.0,17.0,15.0
1,Tarapaca,1107,Alto Hospicio,1.0,2.0,2.0,1.0,4.0,4.0,1.0,1.0,11.0,12.0,16.0,22.0
1,Tarapaca,1401,Pozo Almonte,0.0,0.0,2.0,0.0,0.0,0.0,0.0,0.0,0.0,0.0,0.0,0.0
1,Tarapaca,1402,Camiña,0.0,0.0,0.0,0.0,0.0,0.0,0.0,0.0,0.0,0.0,0.0,0.0
1,Tarapaca,1403,Colchane,0.0,0.0,0.0,0.0,0.0,0.0,0.0,0.0,0.0,0.0,0.0,0.0
1,Tarapaca,1404,Huara,0.0,0.0,0.0,0.0,0.0,0.0,0.0,0.0,0.0,0.0,0.0,0.0
1,Tarapaca,1405,Pica,0.0,0.0,1.0,1.0,3.0,5.0,9.0,5.0,4.0,3.0,0.0,0.0
2,Antofagasta,2101,Antofagasta,3.0,12.0,10.0,6.0,22.0,24.0,16.0,23.0,39.0,77.0,42.0,75.0
2,Antofagasta,2102,Mejillones,0.0,0.0,1.0,1.0,4.0,6.0,2.0,5.0,8.0,16.0,22.0,12.0
2,Antofagasta,2103,Sierra Gorda,0.0,0.0,0.0,0.0,0.0,0.0,0.0,0.0,0.0,0.0,0.0,0.0
2,Antofagasta,2104,Taltal,0.0,0.0,0.0,1.0,2.0,0.0,4.0,0.0,0.0,0.0,0.0,0.0
2,Antofagasta,2201,Calama,0.0,2.0,2.0,1.0,5.0,7.0,1.0,0.0,4.0,10.0,19.0,17.0
2,Antofagasta,2202,Ollagüe,0.0,0.0,0.0,0.0,0.0,0.0,0.0,0.0,0.0,0.0,0.0,0.0
2,Antofagasta,2203,San Pedro de Atacama,1.0,1.0,1.0,0.0,0.0,0.0,0.0,0.0,0.0,0.0,0.0,0.0
2,Antofagasta,2301,Tocopilla,0.0,0.0,0.0,0.0,0.0,1.0,3.0,5.0,0.0,0.0,0.0,1.0
2,Antofagasta,2302,María Elena,0.0,0.0,0.0,0.0,0.0,1.0,1.0,2.0,2.0,1.0,6.0,17.0
3,Atacama,3101,Copiapó,1.0,2.0,0.0,1.0,3.0,0.0,0.0,0.0,0.0,0.0,0.0,11.0
3,Atacama,3102,Caldera,0.0,0.0,0.0,0.0,0.0,0.0,0.0,0.0,0.0,0.0,0.0,0.0
3,Atacama,3103,Tierra Amarilla,0.0,0.0,0.0,2.0,2.0,0.0,0.0,0.0,0.0,1.0,1.0,1.0
3,Atacama,3201,Chañaral,0.0,0.0,0.0,0.0,0.0,0.0,0.0,0.0,0.0,0.0,0.0,0.0
3,Atacama,3202,Diego de Almagro,0.0,0.0,0.0,0.0,0.0,0.0,0.0,0.0,0.0,0.0,0.0,0.0
3,Atacama,3301,Vallenar,0.0,0.0,0.0,0.0,0.0,0.0,0.0,0.0,0.0,7.0,6.0,4.0
3,Atacama,3302,Alto del Carmen,0.0,0.0,0.0,0.0,0.0,0.0,0.0,0.0,0.0,0.0,0.0,0.0
3,Atacama,3303,Freirina,0.0,0.0,0.0,0.0,0.0,0.0,0.0,0.0,0.0,0.0,1.0,0.0
3,Atacama,3304,Huasco,0.0,0.0,0.0,0.0,0.0,0.0,0.0,0.0,1.0,-1.0,0.0,0.0
4,Coquimbo,4101,La Serena,1.0,5.0,4.0,0.0,0.0,0.0,0.0,0.0,4.0,2.0,1.0,1.0
4,Coquimbo,4102,Coquimbo,2.0,0.0,0.0,0.0,2.0,0.0,-2.0,1.0,3.0,1.0,2.0,3.0
4,Coquimbo,4103,Andacollo,0.0,0.0,0.0,0.0,0.0,0.0,0.0,0.0,0.0,0.0,0.0,0.0
4,Coquimbo,4104,La Higuera,0.0,0.0,0.0,0.0,0.0,0.0,0.0,0.0,0.0,0.0,0.0,0.0
4,Coquimbo,4105,Paiguano,,,0.0,0.0,0.0,0.0,0.0,0.0,0.0,0.0,0.0,0.0
4,Coquimbo,4106,Vicuña,0.0,0.0,0.0,0.0,0.0,0.0,0.0,0.0,0.0,0.0,0.0,0.0
4,Coquimbo,4201,Illapel,0.0,0.0,7.0,5.0,1.0,4.0,2.0,0.0,-1.0,0.0,0.0,0.0
4,Coquimbo,4202,Canela,0.0,0.0,0.0,0.0,0.0,0.0,0.0,0.0,0.0,0.0,0.0,0.0
4,Coquimbo,4203,Los Vilos,0.0,0.0,0.0,0.0,0.0,0.0,0.0,0.0,0.0,0.0,0.0,0.0
4,Coquimbo,4204,Salamanca,0.0,0.0,2.0,0.0,1.0,1.0,0.0,1.0,0.0,0.0,0.0,0.0
4,Coquimbo,4301,Ovalle,0.0,0.0,3.0,0.0,1.0,0.0,0.0,0.0,1.0,0.0,0.0,1.0
4,Coquimbo,4302,Combarbalá,0.0,0.0,0.0,0.0,0.0,0.0,0.0,0.0,0.0,0.0,0.0,0.0
4,Coquimbo,4303,Monte Patria,0.0,0.0,0.0,0.0,0.0,0.0,0.0,0.0,0.0,0.0,0.0,0.0
4,Coquimbo,4304,Punitaqui,0.0,0.0,0.0,0.0,0.0,0.0,0.0,0.0,0.0,1.0,0.0,1.0
4,Coquimbo,4305,Río Hurtado,0.0,0.0,0.0,0.0,0.0,0.0,0.0,0.0,0.0,0.0,0.0,0.0
5,Valparaiso,5101,Valparaíso,10.0,-3.0,3.0,10.0,3.0,5.0,1.0,6.0,8.0,8.0,1.0,27.0
5,Valparaiso,5102,Casablanca,0.0,1.0,1.0,-1.0,0.0,1.0,0.0,0.0,0.0,0.0,0.0,0.0
5,Valparaiso,5103,Concón,0.0,6.0,0.0,-4.0,0.0,3.0,1.0,0.0,0.0,6.0,1.0,5.0
5,Valparaiso,5104,Juan Fernández,0.0,0.0,0.0,0.0,0.0,0.0,0.0,0.0,0.0,0.0,0.0,0.0
5,Valparaiso,5105,Puchuncaví,0.0,0.0,0.0,0.0,0.0,0.0,0.0,0.0,0.0,0.0,0.0,0.0
5,Valparaiso,5107,Quintero,0.0,-1.0,0.0,1.0,1.0,1.0,-1.0,0.0,0.0,2.0,3.0,1.0
5,Valparaiso,5109,Viña del Mar,9.0,9.0,6.0,13.0,3.0,3.0,3.0,9.0,10.0,9.0,6.0,14.0
5,Valparaiso,5201,Isla de Pascua,4.0,0.0,0.0,0.0,1.0,0.0,0.0,-1.0,0.0,0.0,0.0,0.0
5,Valparaiso,5301,Los Andes,1.0,-1.0,0.0,4.0,0.0,0.0,1.0,2.0,0.0,-3.0,1.0,2.0
5,Valparaiso,5302,Calle Larga,0.0,2.0,0.0,-1.0,1.0,0.0,0.0,2.0,1.0,1.0,0.0,0.0
5,Valparaiso,5303,Rinconada,0.0,0.0,0.0,1.0,1.0,0.0,0.0,0.0,0.0,0.0,0.0,0.0
5,Valparaiso,5304,San Esteban,0.0,0.0,0.0,0.0,0.0,0.0,0.0,0.0,1.0,0.0,2.0,0.0
5,Valparaiso,5401,La Ligua,0.0,0.0,0.0,0.0,0.0,0.0,0.0,0.0,0.0,0.0,0.0,0.0
5,Valparaiso,5402,Cabildo,0.0,0.0,0.0,0.0,0.0,0.0,0.0,0.0,1.0,-1.0,3.0,1.0
5,Valparaiso,5403,Papudo,0.0,1.0,0.0,-1.0,0.0,0.0,0.0,0.0,0.0,0.0,0.0,0.0
5,Valparaiso,5404,Petorca,1.0,0.0,4.0,-1.0,1.0,1.0,0.0,0.0,0.0,0.0,0.0,0.0
5,Valparaiso,5405,Zapallar,0.0,0.0,0.0,0.0,0.0,0.0,0.0,0.0,0.0,0.0,0.0,0.0
5,Valparaiso,5501,Quillota,1.0,2.0,0.0,4.0,0.0,3.0,2.0,1.0,1.0,2.0,0.0,2.0
5,Valparaiso,5502,Calera,,,0.0,2.0,0.0,0.0,2.0,2.0,3.0,6.0,0.0,0.0
5,Valparaiso,5503,Hijuelas,0.0,0.0,0.0,0.0,0.0,0.0,0.0,0.0,1.0,0.0,0.0,0.0
5,Valparaiso,5504,La Cruz,1.0,2.0,0.0,-1.0,0.0,3.0,0.0,0.0,2.0,1.0,0.0,1.0
5,Valparaiso,5506,Nogales,0.0,0.0,0.0,0.0,0.0,0.0,0.0,0.0,0.0,0.0,0.0,0.0
5,Valparaiso,5601,San Antonio,2.0,4.0,1.0,0.0,4.0,4.0,2.0,9.0,6.0,12.0,7.0,19.0
5,Valparaiso,5602,Algarrobo,0.0,2.0,0.0,-1.0,0.0,0.0,1.0,0.0,0.0,0.0,1.0,0.0
5,Valparaiso,5603,Cartagena,0.0,0.0,1.0,-1.0,0.0,2.0,0.0,0.0,0.0,4.0,0.0,2.0
5,Valparaiso,5604,El Quisco,0.0,1.0,0.0,0.0,0.0,2.0,1.0,2.0,2.0,3.0,0.0,0.0
5,Valparaiso,5605,El Tabo,0.0,2.0,0.0,-1.0,0.0,0.0,1.0,3.0,0.0,3.0,0.0,4.0
5,Valparaiso,5606,Santo Domingo,1.0,-2.0,1.0,3.0,0.0,0.0,5.0,1.0,1.0,5.0,0.0,2.0
5,Valparaiso,5701,San Felipe,0.0,2.0,0.0,1.0,0.0,0.0,0.0,0.0,0.0,0.0,0.0,3.0
5,Valparaiso,5702,Catemu,0.0,0.0,0.0,0.0,0.0,0.0,0.0,0.0,0.0,0.0,0.0,0.0
5,Valparaiso,5703,Llaillay,0.0,1.0,1.0,0.0,0.0,0.0,0.0,0.0,0.0,0.0,0.0,2.0
5,Valparaiso,5704,Panquehue,0.0,0.0,0.0,0.0,0.0,0.0,0.0,0.0,0.0,0.0,0.0,0.0
5,Valparaiso,5705,Putaendo,0.0,0.0,0.0,0.0,0.0,0.0,1.0,0.0,3.0,0.0,0.0,1.0
5,Valparaiso,5706,Santa María,2.0,0.0,0.0,0.0,0.0,0.0,0.0,0.0,0.0,0.0,0.0,11.0
5,Valparaiso,5801,Quilpué,-1.0,1.0,1.0,3.0,3.0,2.0,1.0,1.0,5.0,3.0,0.0,8.0
5,Valparaiso,5802,Limache,1.0,0.0,1.0,1.0,2.0,1.0,5.0,7.0,0.0,3.0,0.0,0.0
5,Valparaiso,5803,Olmué,0.0,0.0,0.0,0.0,0.0,1.0,0.0,1.0,0.0,0.0,0.0,0.0
5,Valparaiso,5804,Villa Alemana,2.0,3.0,0.0,1.0,0.0,0.0,0.0,1.0,0.0,1.0,1.0,2.0
6,OHiggins,6101,Rancagua,0.0,2.0,6.0,0.0,0.0,0.0,0.0,0.0,7.0,6.0,4.0,6.0
6,OHiggins,6102,Codegua,0.0,0.0,0.0,0.0,0.0,0.0,0.0,0.0,1.0,0.0,0.0,1.0
6,OHiggins,6103,Coinco,0.0,0.0,0.0,0.0,0.0,0.0,0.0,0.0,0.0,1.0,0.0,0.0
6,OHiggins,6104,Coltauco,0.0,0.0,0.0,0.0,0.0,0.0,0.0,0.0,0.0,0.0,0.0,0.0
6,OHiggins,6105,Doñihue,0.0,0.0,0.0,0.0,0.0,0.0,0.0,0.0,0.0,1.0,0.0,1.0
6,OHiggins,6106,Graneros,0.0,0.0,0.0,0.0,0.0,0.0,0.0,0.0,0.0,2.0,0.0,0.0
6,OHiggins,6107,Las Cabras,0.0,0.0,0.0,0.0,0.0,0.0,1.0,0.0,0.0,2.0,0.0,1.0
6,OHiggins,6108,Machalí,3.0,1.0,1.0,0.0,0.0,0.0,0.0,1.0,1.0,6.0,0.0,0.0
6,OHiggins,6109,Malloa,0.0,0.0,0.0,0.0,0.0,0.0,0.0,0.0,0.0,0.0,0.0,0.0
6,OHiggins,6110,Mostazal,0.0,0.0,0.0,0.0,0.0,0.0,0.0,0.0,0.0,0.0,0.0,0.0
6,OHiggins,6111,Olivar,1.0,1.0,0.0,0.0,1.0,3.0,1.0,0.0,-1.0,0.0,0.0,0.0
6,OHiggins,6112,Peumo,0.0,0.0,1.0,0.0,0.0,0.0,0.0,0.0,0.0,0.0,0.0,1.0
6,OHiggins,6113,Pichidegua,0.0,0.0,0.0,0.0,0.0,0.0,0.0,0.0,0.0,0.0,0.0,0.0
6,OHiggins,6114,Quinta de Tilcoco,1.0,0.0,0.0,0.0,0.0,1.0,0.0,0.0,-2.0,0.0,0.0,0.0
6,OHiggins,6115,Rengo,0.0,0.0,0.0,0.0,0.0,0.0,0.0,0.0,1.0,1.0,4.0,1.0
6,OHiggins,6116,Requínoa,-1.0,0.0,0.0,0.0,0.0,0.0,0.0,0.0,1.0,1.0,1.0,0.0
6,OHiggins,6117,San Vicente,1.0,3.0,0.0,0.0,0.0,0.0,0.0,0.0,0.0,0.0,0.0,4.0
6,OHiggins,6201,Pichilemu,0.0,0.0,0.0,0.0,0.0,0.0,0.0,0.0,0.0,0.0,0.0,0.0
6,OHiggins,6202,La Estrella,0.0,0.0,0.0,0.0,0.0,0.0,0.0,0.0,0.0,0.0,0.0,0.0
6,OHiggins,6203,Litueche,0.0,0.0,0.0,0.0,0.0,0.0,0.0,0.0,0.0,1.0,2.0,4.0
6,OHiggins,6204,Marchihue,0.0,0.0,0.0,0.0,0.0,0.0,0.0,0.0,0.0,0.0,0.0,0.0
6,OHiggins,6205,Navidad,0.0,0.0,0.0,0.0,0.0,0.0,0.0,0.0,0.0,0.0,0.0,2.0
6,OHiggins,6206,Paredones,0.0,0.0,0.0,0.0,0.0,0.0,0.0,0.0,0.0,0.0,0.0,0.0
6,OHiggins,6301,San Fernando,2.0,0.0,0.0,0.0,0.0,0.0,1.0,0.0,1.0,-1.0,0.0,0.0
6,OHiggins,6302,Chépica,0.0,0.0,0.0,0.0,0.0,0.0,0.0,0.0,0.0,0.0,0.0,0.0
6,OHiggins,6303,Chimbarongo,2.0,0.0,0.0,0.0,0.0,0.0,2.0,0.0,-2.0,0.0,0.0,0.0
6,OHiggins,6304,Lolol,0.0,0.0,0.0,0.0,0.0,0.0,0.0,0.0,0.0,0.0,0.0,0.0
6,OHiggins,6305,Nancagua,0.0,0.0,0.0,0.0,0.0,0.0,0.0,0.0,0.0,0.0,0.0,1.0
6,OHiggins,6306,Palmilla,0.0,0.0,0.0,0.0,0.0,0.0,0.0,0.0,0.0,0.0,0.0,0.0
6,OHiggins,6307,Peralillo,0.0,0.0,0.0,0.0,0.0,0.0,0.0,0.0,0.0,0.0,0.0,0.0
6,OHiggins,6308,Placilla,1.0,0.0,0.0,0.0,0.0,0.0,1.0,0.0,-1.0,0.0,0.0,0.0
6,OHiggins,6309,Pumanque,0.0,0.0,0.0,0.0,0.0,0.0,0.0,0.0,0.0,0.0,0.0,0.0
6,OHiggins,6310,Santa Cruz,0.0,0.0,1.0,1.0,0.0,0.0,0.0,0.0,-1.0,1.0,0.0,0.0
7,Maule,7101,Talca,3.0,5.0,6.0,3.0,0.0,0.0,6.0,34.0,42.0,12.0,4.0,11.0
7,Maule,7102,Constitución,1.0,2.0,0.0,2.0,0.0,0.0,-1.0,7.0,0.0,7.0,1.0,2.0
7,Maule,7103,Curepto,0.0,0.0,0.0,2.0,1.0,0.0,0.0,0.0,4.0,1.0,0.0,0.0
7,Maule,7104,Empedrado,0.0,0.0,0.0,0.0,0.0,0.0,0.0,0.0,0.0,0.0,0.0,0.0
7,Maule,7105,Maule,0.0,0.0,0.0,1.0,0.0,1.0,1.0,5.0,3.0,9.0,0.0,1.0
7,Maule,7106,Pelarco,0.0,0.0,0.0,0.0,0.0,3.0,0.0,2.0,0.0,0.0,0.0,0.0
7,Maule,7107,Pencahue,0.0,0.0,0.0,0.0,0.0,0.0,0.0,1.0,1.0,1.0,0.0,0.0
7,Maule,7108,Río Claro,0.0,0.0,0.0,1.0,1.0,0.0,0.0,3.0,0.0,1.0,0.0,1.0
7,Maule,7109,San Clemente,0.0,0.0,0.0,0.0,0.0,0.0,0.0,4.0,3.0,2.0,0.0,1.0
7,Maule,7110,San Rafael,0.0,1.0,0.0,0.0,0.0,1.0,0.0,0.0,0.0,1.0,0.0,0.0
7,Maule,7201,Cauquenes,0.0,2.0,1.0,0.0,0.0,0.0,0.0,4.0,2.0,2.0,1.0,0.0
7,Maule,7202,Chanco,0.0,0.0,0.0,0.0,0.0,0.0,0.0,0.0,2.0,0.0,1.0,0.0
7,Maule,7203,Pelluhue,0.0,0.0,0.0,0.0,0.0,0.0,0.0,0.0,0.0,1.0,0.0,0.0
7,Maule,7301,Curicó,2.0,3.0,2.0,0.0,4.0,3.0,3.0,1.0,7.0,0.0,6.0,8.0
7,Maule,7302,Hualañé,0.0,0.0,0.0,0.0,0.0,0.0,0.0,0.0,0.0,0.0,0.0,0.0
7,Maule,7303,Licantén,0.0,0.0,0.0,0.0,0.0,0.0,0.0,1.0,1.0,0.0,0.0,0.0
7,Maule,7304,Molina,1.0,0.0,0.0,0.0,0.0,0.0,0.0,1.0,1.0,2.0,0.0,0.0
7,Maule,7305,Rauco,0.0,1.0,0.0,0.0,1.0,0.0,0.0,0.0,0.0,0.0,0.0,0.0
7,Maule,7306,Romeral,1.0,0.0,0.0,0.0,1.0,0.0,1.0,1.0,7.0,1.0,0.0,0.0
7,Maule,7307,Sagrada Familia,0.0,0.0,1.0,0.0,0.0,0.0,0.0,0.0,0.0,1.0,0.0,0.0
7,Maule,7308,Teno,0.0,0.0,0.0,0.0,1.0,0.0,0.0,0.0,1.0,0.0,0.0,2.0
7,Maule,7309,Vichuquén,0.0,0.0,0.0,0.0,0.0,0.0,0.0,0.0,0.0,0.0,0.0,0.0
7,Maule,7401,Linares,2.0,4.0,1.0,1.0,1.0,0.0,0.0,2.0,7.0,0.0,2.0,3.0
7,Maule,7402,Colbún,3.0,0.0,1.0,0.0,0.0,0.0,0.0,1.0,-1.0,1.0,0.0,0.0
7,Maule,7403,Longaví,0.0,0.0,1.0,0.0,0.0,0.0,0.0,1.0,0.0,1.0,0.0,0.0
7,Maule,7404,Parral,-1.0,0.0,0.0,1.0,1.0,1.0,0.0,0.0,0.0,3.0,0.0,0.0
7,Maule,7405,Retiro,0.0,0.0,0.0,0.0,0.0,1.0,0.0,1.0,0.0,-1.0,0.0,0.0
7,Maule,7406,San Javier,1.0,0.0,6.0,0.0,1.0,0.0,1.0,2.0,5.0,4.0,0.0,3.0
7,Maule,7407,Villa Alegre,0.0,0.0,0.0,0.0,0.0,0.0,0.0,0.0,1.0,0.0,1.0,0.0
7,Maule,7408,Yerbas Buenas,0.0,0.0,0.0,0.0,0.0,0.0,0.0,0.0,1.0,0.0,0.0,1.0
8,Biobio,8101,Concepción,19.0,6.0,17.0,3.0,8.0,11.0,38.0,12.0,7.0,-13.0,3.0,8.0
8,Biobio,8102,Coronel,11.0,1.0,1.0,5.0,0.0,0.0,-3.0,0.0,0.0,1.0,2.0,3.0
8,Biobio,8103,Chiguayante,12.0,8.0,6.0,3.0,5.0,1.0,-4.0,2.0,2.0,16.0,1.0,3.0
8,Biobio,8104,Florida,0.0,2.0,0.0,0.0,0.0,0.0,2.0,0.0,0.0,-1.0,0.0,0.0
8,Biobio,8105,Hualqui,1.0,0.0,4.0,0.0,0.0,1.0,1.0,4.0,2.0,4.0,0.0,1.0
8,Biobio,8106,Lota,0.0,1.0,0.0,0.0,0.0,0.0,0.0,0.0,0.0,0.0,0.0,0.0
8,Biobio,8107,Penco,1.0,2.0,2.0,0.0,0.0,4.0,2.0,1.0,3.0,2.0,1.0,1.0
8,Biobio,8108,San Pedro de la Paz,32.0,6.0,7.0,8.0,2.0,7.0,-5.0,0.0,10.0,14.0,0.0,1.0
8,Biobio,8109,Santa Juana,0.0,0.0,0.0,0.0,0.0,0.0,0.0,0.0,1.0,1.0,0.0,0.0
8,Biobio,8110,Talcahuano,21.0,6.0,7.0,9.0,1.0,10.0,26.0,3.0,12.0,-7.0,5.0,8.0
8,Biobio,8111,Tomé,2.0,3.0,16.0,5.0,0.0,7.0,0.0,0.0,4.0,9.0,0.0,0.0
8,Biobio,8112,Hualpén,38.0,11.0,17.0,7.0,9.0,10.0,-28.0,5.0,7.0,26.0,1.0,-1.0
8,Biobio,8201,Lebu,0.0,0.0,0.0,0.0,0.0,0.0,0.0,0.0,0.0,0.0,0.0,0.0
8,Biobio,8202,Arauco,3.0,1.0,0.0,0.0,0.0,0.0,-1.0,1.0,0.0,0.0,0.0,0.0
8,Biobio,8203,Cañete,0.0,0.0,0.0,0.0,0.0,0.0,0.0,0.0,0.0,0.0,0.0,0.0
8,Biobio,8204,Contulmo,0.0,0.0,0.0,0.0,0.0,0.0,0.0,0.0,0.0,0.0,0.0,0.0
8,Biobio,8205,Curanilahue,1.0,0.0,0.0,0.0,0.0,0.0,0.0,0.0,0.0,1.0,0.0,-1.0
8,Biobio,8206,Los Álamos,0.0,0.0,0.0,0.0,0.0,0.0,0.0,0.0,0.0,1.0,0.0,0.0
8,Biobio,8207,Tirúa,0.0,2.0,2.0,0.0,0.0,0.0,0.0,0.0,0.0,0.0,0.0,0.0
8,Biobio,8301,Los Ángeles,4.0,-3.0,5.0,5.0,0.0,0.0,3.0,1.0,4.0,1.0,0.0,0.0
8,Biobio,8302,Antuco,0.0,0.0,0.0,0.0,0.0,0.0,0.0,0.0,0.0,0.0,0.0,0.0
8,Biobio,8303,Cabrero,0.0,1.0,0.0,0.0,3.0,3.0,1.0,1.0,0.0,4.0,2.0,1.0
8,Biobio,8304,Laja,1.0,1.0,2.0,0.0,0.0,1.0,1.0,0.0,0.0,3.0,2.0,0.0
8,Biobio,8305,Mulchén,3.0,0.0,0.0,0.0,0.0,0.0,0.0,0.0,0.0,0.0,0.0,0.0
8,Biobio,8306,Nacimiento,1.0,0.0,0.0,2.0,1.0,4.0,1.0,0.0,0.0,0.0,0.0,0.0
8,Biobio,8307,Negrete,0.0,0.0,1.0,1.0,0.0,0.0,0.0,0.0,0.0,0.0,0.0,0.0
8,Biobio,8308,Quilaco,0.0,0.0,0.0,0.0,0.0,0.0,0.0,0.0,0.0,0.0,0.0,0.0
8,Biobio,8309,Quilleco,0.0,0.0,0.0,0.0,0.0,0.0,0.0,0.0,1.0,0.0,-1.0,0.0
8,Biobio,8310,San Rosendo,0.0,0.0,0.0,0.0,0.0,0.0,0.0,0.0,0.0,0.0,0.0,0.0
8,Biobio,8311,Santa Bárbara,1.0,0.0,0.0,0.0,0.0,0.0,1.0,0.0,0.0,0.0,-1.0,0.0
8,Biobio,8312,Tucapel,0.0,0.0,0.0,1.0,0.0,0.0,-1.0,1.0,0.0,0.0,0.0,0.0
8,Biobio,8313,Yumbel,0.0,0.0,0.0,0.0,0.0,0.0,0.0,0.0,1.0,0.0,0.0,0.0
8,Biobio,8314,Alto Biobío,-1.0,0.0,0.0,0.0,0.0,0.0,1.0,0.0,0.0,-1.0,0.0,0.0
9,Araucania,9101,Temuco,71.0,68.0,72.0,42.0,36.0,28.0,35.0,41.0,58.0,39.0,21.0,8.0
9,Araucania,9102,Carahue,1.0,0.0,1.0,3.0,0.0,12.0,2.0,2.0,4.0,4.0,1.0,-1.0
9,Araucania,9103,Cunco,0.0,0.0,5.0,0.0,0.0,0.0,1.0,0.0,0.0,0.0,0.0,-1.0
9,Araucania,9104,Curarrehue,1.0,1.0,0.0,1.0,0.0,0.0,0.0,0.0,0.0,0.0,0.0,0.0
9,Araucania,9105,Freire,0.0,3.0,0.0,0.0,0.0,0.0,0.0,0.0,1.0,1.0,0.0,0.0
9,Araucania,9106,Galvarino,0.0,0.0,1.0,0.0,0.0,0.0,0.0,0.0,0.0,0.0,0.0,0.0
9,Araucania,9107,Gorbea,2.0,1.0,3.0,0.0,0.0,0.0,0.0,0.0,0.0,2.0,0.0,0.0
9,Araucania,9108,Lautaro,6.0,2.0,6.0,3.0,0.0,3.0,3.0,2.0,3.0,4.0,4.0,0.0
9,Araucania,9109,Loncoche,0.0,2.0,0.0,2.0,0.0,0.0,3.0,0.0,0.0,0.0,1.0,8.0
9,Araucania,9110,Melipeuco,0.0,0.0,0.0,0.0,0.0,0.0,0.0,0.0,0.0,0.0,0.0,0.0
9,Araucania,9111,Nueva Imperial,2.0,9.0,5.0,4.0,2.0,3.0,7.0,2.0,3.0,-1.0,8.0,3.0
9,Araucania,9112,Padre Las Casas,5.0,19.0,11.0,5.0,0.0,0.0,3.0,6.0,13.0,7.0,9.0,11.0
9,Araucania,9113,Perquenco,0.0,1.0,-1.0,1.0,0.0,1.0,0.0,1.0,2.0,0.0,0.0,-1.0
9,Araucania,9114,Pitrufquén,2.0,1.0,4.0,1.0,0.0,4.0,2.0,-1.0,2.0,0.0,0.0,1.0
9,Araucania,9115,Pucón,0.0,0.0,1.0,1.0,0.0,0.0,1.0,4.0,1.0,1.0,2.0,0.0
9,Araucania,9116,Saavedra,0.0,1.0,0.0,0.0,0.0,0.0,-1.0,1.0,7.0,7.0,1.0,8.0
9,Araucania,9117,Teodoro Schmidt,4.0,-2.0,1.0,0.0,1.0,1.0,0.0,0.0,0.0,1.0,0.0,0.0
9,Araucania,9118,Toltén,2.0,1.0,1.0,2.0,0.0,0.0,-1.0,0.0,0.0,0.0,0.0,0.0
9,Araucania,9119,Vilcún,1.0,6.0,7.0,2.0,0.0,4.0,3.0,2.0,8.0,2.0,0.0,5.0
9,Araucania,9120,Villarrica,3.0,2.0,5.0,4.0,0.0,3.0,1.0,-2.0,1.0,1.0,0.0,1.0
9,Araucania,9121,Cholchol,1.0,1.0,-1.0,1.0,1.0,0.0,0.0,1.0,0.0,0.0,0.0,1.0
9,Araucania,9201,Angol,6.0,-1.0,3.0,8.0,1.0,4.0,8.0,2.0,13.0,24.0,5.0,26.0
9,Araucania,9202,Collipulli,0.0,0.0,0.0,0.0,0.0,1.0,0.0,-1.0,1.0,1.0,1.0,1.0
9,Araucania,9203,Curacautín,0.0,0.0,2.0,1.0,2.0,0.0,0.0,0.0,0.0,1.0,0.0,-1.0
9,Araucania,9204,Ercilla,0.0,0.0,0.0,2.0,0.0,1.0,0.0,1.0,3.0,1.0,0.0,2.0
9,Araucania,9205,Lonquimay,0.0,0.0,0.0,0.0,0.0,0.0,0.0,0.0,0.0,0.0,0.0,0.0
9,Araucania,9206,Los Sauces,0.0,0.0,0.0,0.0,0.0,0.0,0.0,0.0,0.0,0.0,0.0,1.0
9,Araucania,9207,Lumaco,0.0,0.0,0.0,0.0,0.0,0.0,0.0,0.0,0.0,0.0,1.0,5.0
9,Araucania,9208,Purén,1.0,0.0,1.0,0.0,0.0,0.0,0.0,0.0,0.0,0.0,0.0,1.0
9,Araucania,9209,Renaico,0.0,0.0,0.0,1.0,0.0,1.0,0.0,0.0,1.0,1.0,0.0,0.0
9,Araucania,9210,Traiguén,0.0,0.0,0.0,0.0,1.0,1.0,0.0,0.0,1.0,0.0,0.0,-1.0
9,Araucania,9211,Victoria,2.0,4.0,1.0,3.0,0.0,0.0,-2.0,0.0,15.0,27.0,3.0,12.0
10,Los Lagos,10101,Puerto Montt,10.0,-19.0,10.0,2.0,2.0,29.0,5.0,3.0,-1.0,-2.0,0.0,-21.0
10,Los Lagos,10102,Calbuco,1.0,0.0,0.0,0.0,0.0,2.0,-2.0,3.0,-2.0,1.0,0.0,0.0
10,Los Lagos,10103,Cochamó,0.0,0.0,0.0,0.0,0.0,0.0,0.0,1.0,0.0,0.0,0.0,0.0
10,Los Lagos,10104,Fresia,0.0,0.0,0.0,0.0,0.0,0.0,0.0,1.0,0.0,-1.0,0.0,0.0
10,Los Lagos,10105,Frutillar,0.0,1.0,2.0,0.0,0.0,2.0,1.0,0.0,0.0,0.0,0.0,0.0
10,Los Lagos,10106,Los Muermos,0.0,0.0,0.0,0.0,0.0,0.0,0.0,0.0,0.0,0.0,0.0,0.0
10,Los Lagos,10107,Llanquihue,0.0,0.0,0.0,0.0,0.0,3.0,-2.0,1.0,-1.0,0.0,0.0,0.0
10,Los Lagos,10108,Maullín,0.0,0.0,0.0,0.0,1.0,0.0,0.0,1.0,-1.0,0.0,0.0,0.0
10,Los Lagos,10109,Puerto Varas,0.0,1.0,2.0,-1.0,0.0,3.0,1.0,1.0,0.0,1.0,0.0,0.0
10,Los Lagos,10201,Castro,0.0,0.0,3.0,2.0,1.0,0.0,0.0,0.0,0.0,0.0,0.0,1.0
10,Los Lagos,10202,Ancud,0.0,0.0,0.0,2.0,1.0,0.0,0.0,0.0,5.0,1.0,0.0,1.0
10,Los Lagos,10203,Chonchi,0.0,0.0,0.0,0.0,0.0,0.0,0.0,0.0,0.0,0.0,0.0,0.0
10,Los Lagos,10204,Curaco de Vélez,0.0,0.0,0.0,0.0,0.0,0.0,0.0,0.0,0.0,0.0,0.0,0.0
10,Los Lagos,10205,Dalcahue,0.0,0.0,0.0,0.0,0.0,0.0,0.0,0.0,0.0,0.0,0.0,0.0
10,Los Lagos,10206,Puqueldón,0.0,0.0,0.0,0.0,0.0,0.0,0.0,0.0,0.0,0.0,0.0,0.0
10,Los Lagos,10207,Queilén,0.0,0.0,0.0,0.0,0.0,0.0,0.0,0.0,0.0,0.0,0.0,0.0
10,Los Lagos,10208,Quellón,0.0,0.0,0.0,0.0,0.0,0.0,0.0,0.0,0.0,0.0,0.0,0.0
10,Los Lagos,10209,Quemchi,0.0,0.0,0.0,0.0,0.0,0.0,0.0,0.0,0.0,0.0,0.0,0.0
10,Los Lagos,10210,Quinchao,0.0,0.0,0.0,0.0,0.0,0.0,0.0,0.0,0.0,0.0,0.0,0.0
10,Los Lagos,10301,Osorno,54.0,43.0,27.0,17.0,13.0,12.0,9.0,8.0,16.0,13.0,4.0,24.0
10,Los Lagos,10302,Puerto Octay,0.0,0.0,0.0,0.0,0.0,0.0,0.0,0.0,0.0,1.0,2.0,0.0
10,Los Lagos,10303,Purranque,1.0,4.0,0.0,6.0,5.0,0.0,0.0,0.0,0.0,1.0,0.0,2.0
10,Los Lagos,10304,Puyehue,0.0,0.0,0.0,1.0,0.0,0.0,-1.0,0.0,0.0,0.0,1.0,2.0
10,Los Lagos,10305,Río Negro,0.0,1.0,0.0,0.0,1.0,1.0,0.0,1.0,0.0,1.0,0.0,5.0
10,Los Lagos,10306,San Juan de la Costa,0.0,0.0,7.0,4.0,0.0,3.0,-1.0,2.0,1.0,6.0,2.0,2.0
10,Los Lagos,10307,San Pablo,0.0,1.0,0.0,4.0,0.0,0.0,0.0,0.0,2.0,0.0,0.0,1.0
10,Los Lagos,10401,Chaitén,1.0,0.0,0.0,0.0,0.0,0.0,0.0,0.0,0.0,0.0,0.0,0.0
10,Los Lagos,10402,Futaleufú,0.0,0.0,0.0,0.0,0.0,0.0,0.0,0.0,0.0,0.0,0.0,0.0
10,Los Lagos,10403,Hualaihué,2.0,0.0,0.0,0.0,0.0,0.0,0.0,0.0,0.0,0.0,0.0,0.0
10,Los Lagos,10404,Palena,0.0,0.0,0.0,0.0,0.0,0.0,0.0,0.0,0.0,0.0,0.0,0.0
11,Aisen,11101,Coyhaique,0.0,0.0,-1.0,0.0,0.0,0.0,1.0,0.0,1.0,0.0,0.0,-1.0
11,Aisen,11102,Lago Verde,0.0,0.0,0.0,0.0,0.0,0.0,0.0,0.0,0.0,0.0,0.0,0.0
11,Aisen,11201,Aisén,,,1.0,-1.0,0.0,0.0,-1.0,0.0,-2.0,0.0,0.0,0.0
11,Aisen,11202,Cisnes,0.0,0.0,0.0,0.0,0.0,0.0,0.0,0.0,0.0,0.0,0.0,0.0
11,Aisen,11203,Guaitecas,0.0,0.0,0.0,0.0,0.0,0.0,0.0,0.0,0.0,0.0,0.0,0.0
11,Aisen,11301,Cochrane,0.0,0.0,0.0,0.0,0.0,0.0,0.0,0.0,0.0,0.0,0.0,0.0
11,Aisen,11302,O'Higgins,0.0,0.0,0.0,0.0,0.0,0.0,0.0,0.0,0.0,0.0,0.0,0.0
11,Aisen,11303,Tortel,0.0,0.0,0.0,1.0,0.0,0.0,0.0,0.0,-1.0,0.0,0.0,0.0
11,Aisen,11401,Chile Chico,0.0,0.0,1.0,0.0,0.0,0.0,0.0,0.0,0.0,0.0,0.0,0.0
11,Aisen,11402,Río Ibáñez,0.0,0.0,0.0,0.0,0.0,0.0,0.0,0.0,0.0,0.0,0.0,0.0
12,Magallanes y la Antartica Chilena,12101,Punta Arenas,58.0,56.0,60.0,4.0,92.0,88.0,29.0,54.0,46.0,65.0,42.0,62.0
12,Magallanes y la Antartica Chilena,12102,Laguna Blanca,0.0,0.0,0.0,0.0,0.0,0.0,0.0,0.0,0.0,0.0,0.0,0.0
12,Magallanes y la Antartica Chilena,12103,Río Verde,0.0,0.0,0.0,0.0,0.0,0.0,0.0,0.0,0.0,0.0,0.0,0.0
12,Magallanes y la Antartica Chilena,12104,San Gregorio,0.0,0.0,0.0,0.0,0.0,0.0,0.0,0.0,0.0,0.0,0.0,0.0
12,Magallanes y la Antartica Chilena,12201,Cabo de Hornos,1.0,0.0,4.0,1.0,2.0,5.0,0.0,0.0,-1.0,0.0,2.0,0.0
12,Magallanes y la Antartica Chilena,12202,Antártica,0.0,0.0,0.0,0.0,0.0,0.0,0.0,0.0,0.0,0.0,0.0,0.0
12,Magallanes y la Antartica Chilena,12301,Porvenir,2.0,0.0,1.0,0.0,0.0,1.0,0.0,1.0,3.0,0.0,0.0,0.0
12,Magallanes y la Antartica Chilena,12302,Primavera,0.0,0.0,0.0,0.0,0.0,0.0,0.0,1.0,0.0,0.0,0.0,0.0
12,Magallanes y la Antartica Chilena,12303,Timaukel,0.0,0.0,0.0,0.0,0.0,0.0,0.0,0.0,0.0,0.0,0.0,0.0
12,Magallanes y la Antartica Chilena,12401,Natales,3.0,1.0,0.0,0.0,1.0,0.0,0.0,1.0,-1.0,1.0,1.0,0.0
12,Magallanes y la Antartica Chilena,12402,Torres del Paine,0.0,0.0,0.0,0.0,0.0,0.0,0.0,0.0,0.0,0.0,0.0,0.0
13,Region Metropolitana,13101,Santiago,29.0,17.0,61.0,37.0,50.0,54.0,29.0,59.0,37.0,108.0,92.0,280.0
13,Region Metropolitana,13102,Cerrillos,1.0,0.0,1.0,6.0,10.0,8.0,10.0,9.0,5.0,13.0,14.0,49.0
13,Region Metropolitana,13103,Cerro Navia,2.0,5.0,5.0,5.0,6.0,15.0,8.0,14.0,20.0,19.0,17.0,44.0
13,Region Metropolitana,13104,Conchalí,4.0,4.0,10.0,6.0,9.0,5.0,4.0,8.0,16.0,18.0,15.0,74.0
13,Region Metropolitana,13105,El Bosque,10.0,7.0,2.0,9.0,18.0,19.0,10.0,14.0,20.0,18.0,32.0,59.0
13,Region Metropolitana,13106,Estación Central,6.0,3.0,11.0,5.0,20.0,10.0,18.0,12.0,19.0,42.0,45.0,134.0
13,Region Metropolitana,13107,Huechuraba,2.0,3.0,10.0,3.0,3.0,10.0,5.0,6.0,7.0,11.0,5.0,31.0
13,Region Metropolitana,13108,Independencia,2.0,5.0,4.0,5.0,6.0,15.0,8.0,20.0,35.0,81.0,50.0,185.0
13,Region Metropolitana,13109,La Cisterna,2.0,0.0,8.0,6.0,8.0,5.0,6.0,2.0,14.0,12.0,11.0,38.0
13,Region Metropolitana,13110,La Florida,15.0,9.0,24.0,12.0,23.0,39.0,11.0,35.0,20.0,51.0,46.0,100.0
13,Region Metropolitana,13111,La Granja,3.0,8.0,8.0,2.0,10.0,10.0,5.0,9.0,9.0,11.0,15.0,43.0
13,Region Metropolitana,13112,La Pintana,8.0,3.0,5.0,7.0,14.0,16.0,15.0,18.0,19.0,21.0,67.0,74.0
13,Region Metropolitana,13113,La Reina,2.0,4.0,5.0,9.0,8.0,2.0,2.0,3.0,3.0,3.0,19.0,24.0
13,Region Metropolitana,13114,Las Condes,27.0,16.0,34.0,8.0,15.0,15.0,10.0,14.0,6.0,20.0,9.0,54.0
13,Region Metropolitana,13115,Lo Barnechea,10.0,7.0,12.0,8.0,5.0,6.0,9.0,19.0,13.0,13.0,24.0,44.0
13,Region Metropolitana,13116,Lo Espejo,3.0,2.0,6.0,8.0,11.0,14.0,8.0,4.0,7.0,13.0,20.0,30.0
13,Region Metropolitana,13117,Lo Prado,4.0,2.0,5.0,7.0,3.0,8.0,4.0,15.0,13.0,13.0,23.0,59.0
13,Region Metropolitana,13118,Macul,5.0,8.0,11.0,3.0,6.0,6.0,2.0,6.0,7.0,25.0,21.0,26.0
13,Region Metropolitana,13119,Maipú,12.0,9.0,19.0,23.0,61.0,36.0,38.0,43.0,28.0,52.0,35.0,81.0
13,Region Metropolitana,13120,Ñuñoa,17.0,9.0,14.0,11.0,37.0,16.0,17.0,29.0,23.0,29.0,22.0,38.0
13,Region Metropolitana,13121,Pedro Aguirre Cerda,6.0,0.0,3.0,3.0,17.0,18.0,16.0,8.0,11.0,20.0,20.0,51.0
13,Region Metropolitana,13122,Peñalolén,15.0,8.0,11.0,13.0,20.0,33.0,6.0,25.0,25.0,22.0,45.0,68.0
13,Region Metropolitana,13123,Providencia,5.0,7.0,10.0,11.0,14.0,7.0,11.0,17.0,16.0,16.0,4.0,26.0
13,Region Metropolitana,13124,Pudahuel,8.0,7.0,12.0,8.0,15.0,11.0,10.0,15.0,15.0,19.0,30.0,66.0
13,Region Metropolitana,13125,Quilicura,12.0,4.0,18.0,6.0,22.0,15.0,7.0,11.0,17.0,35.0,72.0,187.0
13,Region Metropolitana,13126,Quinta Normal,4.0,10.0,6.0,16.0,12.0,15.0,21.0,20.0,24.0,23.0,22.0,68.0
13,Region Metropolitana,13127,Recoleta,6.0,9.0,12.0,8.0,9.0,12.0,8.0,26.0,19.0,48.0,52.0,172.0
13,Region Metropolitana,13128,Renca,5.0,4.0,1.0,3.0,6.0,14.0,8.0,20.0,12.0,25.0,24.0,54.0
13,Region Metropolitana,13129,San Joaquín,11.0,4.0,8.0,6.0,10.0,6.0,10.0,16.0,17.0,17.0,31.0,34.0
13,Region Metropolitana,13130,San Miguel,7.0,7.0,10.0,7.0,13.0,17.0,11.0,14.0,20.0,21.0,21.0,40.0
13,Region Metropolitana,13131,San Ramón,5.0,3.0,0.0,3.0,6.0,2.0,7.0,5.0,10.0,24.0,24.0,54.0
13,Region Metropolitana,13132,Vitacura,7.0,10.0,14.0,0.0,5.0,8.0,1.0,2.0,2.0,1.0,5.0,14.0
13,Region Metropolitana,13201,Puente Alto,13.0,18.0,43.0,47.0,73.0,83.0,52.0,98.0,90.0,126.0,76.0,125.0
13,Region Metropolitana,13202,Pirque,2.0,0.0,2.0,0.0,5.0,1.0,2.0,1.0,1.0,2.0,3.0,11.0
13,Region Metropolitana,13203,San José de Maipo,0.0,0.0,1.0,0.0,1.0,0.0,0.0,0.0,0.0,3.0,1.0,4.0
13,Region Metropolitana,13301,Colina,7.0,8.0,3.0,12.0,4.0,8.0,3.0,4.0,9.0,5.0,8.0,26.0
13,Region Metropolitana,13302,Lampa,0.0,3.0,1.0,4.0,8.0,11.0,4.0,4.0,3.0,10.0,10.0,28.0
13,Region Metropolitana,13303,Tiltil,,,0.0,1.0,0.0,0.0,0.0,0.0,1.0,0.0,0.0,4.0
13,Region Metropolitana,13401,San Bernardo,9.0,12.0,21.0,5.0,38.0,23.0,16.0,42.0,39.0,81.0,54.0,63.0
13,Region Metropolitana,13402,Buin,1.0,6.0,6.0,0.0,9.0,7.0,4.0,3.0,4.0,6.0,7.0,21.0
13,Region Metropolitana,13403,Calera de Tango,1.0,0.0,0.0,1.0,0.0,2.0,0.0,1.0,3.0,1.0,0.0,2.0
13,Region Metropolitana,13404,Paine,0.0,0.0,0.0,0.0,4.0,1.0,1.0,1.0,1.0,2.0,2.0,6.0
13,Region Metropolitana,13501,Melipilla,2.0,1.0,2.0,1.0,4.0,1.0,2.0,6.0,10.0,5.0,8.0,26.0
13,Region Metropolitana,13502,Alhué,0.0,0.0,0.0,0.0,0.0,0.0,0.0,0.0,0.0,0.0,0.0,0.0
13,Region Metropolitana,13503,Curacaví,0.0,0.0,3.0,1.0,1.0,3.0,1.0,0.0,0.0,1.0,0.0,4.0
13,Region Metropolitana,13504,María Pinto,0.0,0.0,0.0,0.0,0.0,0.0,0.0,1.0,0.0,0.0,0.0,2.0
13,Region Metropolitana,13505,San Pedro,0.0,0.0,0.0,0.0,0.0,0.0,0.0,0.0,1.0,1.0,0.0,6.0
13,Region Metropolitana,13601,Talagante,2.0,1.0,5.0,3.0,4.0,3.0,3.0,2.0,1.0,3.0,3.0,4.0
13,Region Metropolitana,13602,El Monte,0.0,1.0,3.0,2.0,2.0,1.0,0.0,2.0,0.0,1.0,3.0,5.0
13,Region Metropolitana,13603,Isla de Maipo,1.0,0.0,3.0,3.0,3.0,0.0,1.0,0.0,0.0,0.0,2.0,1.0
13,Region Metropolitana,13604,Padre Hurtado,1.0,3.0,2.0,2.0,2.0,6.0,1.0,1.0,4.0,3.0,5.0,15.0
13,Region Metropolitana,13605,Peñaflor,3.0,0.0,5.0,0.0,2.0,5.0,1.0,3.0,6.0,9.0,7.0,16.0
14,Los Rios,14101,Valdivia,33.0,2.0,18.0,7.0,10.0,6.0,9.0,4.0,0.0,4.0,2.0,3.0
14,Los Rios,14102,Corral,0.0,0.0,0.0,0.0,0.0,0.0,1.0,0.0,0.0,0.0,0.0,0.0
14,Los Rios,14103,Lanco,1.0,0.0,1.0,0.0,0.0,0.0,2.0,0.0,0.0,1.0,0.0,0.0
14,Los Rios,14104,Los Lagos,0.0,0.0,0.0,0.0,0.0,0.0,0.0,0.0,0.0,0.0,0.0,0.0
14,Los Rios,14105,Máfil,0.0,0.0,0.0,0.0,0.0,0.0,0.0,0.0,0.0,1.0,0.0,0.0
14,Los Rios,14106,Mariquina,2.0,1.0,3.0,2.0,0.0,0.0,1.0,0.0,-1.0,1.0,0.0,0.0
14,Los Rios,14107,Paillaco,1.0,0.0,0.0,0.0,0.0,0.0,0.0,0.0,0.0,1.0,0.0,0.0
14,Los Rios,14108,Panguipulli,0.0,0.0,0.0,0.0,0.0,2.0,-2.0,0.0,1.0,-1.0,0.0,0.0
14,Los Rios,14201,La Unión,8.0,1.0,7.0,1.0,0.0,0.0,5.0,0.0,-2.0,6.0,2.0,3.0
14,Los Rios,14202,Futrono,2.0,0.0,3.0,0.0,0.0,0.0,0.0,0.0,0.0,0.0,0.0,0.0
14,Los Rios,14203,Lago Ranco,1.0,0.0,1.0,0.0,0.0,0.0,0.0,0.0,0.0,0.0,0.0,0.0
14,Los Rios,14204,Río Bueno,0.0,0.0,3.0,0.0,0.0,5.0,-3.0,0.0,4.0,-1.0,1.0,2.0
15,Arica y Parinacota,15101,Arica,0.0,6.0,29.0,22.0,24.0,28.0,9.0,10.0,32.0,58.0,46.0,27.0
15,Arica y Parinacota,15102,Camarones,0.0,0.0,0.0,0.0,0.0,0.0,0.0,0.0,0.0,0.0,0.0,0.0
15,Arica y Parinacota,15201,Putre,0.0,0.0,0.0,0.0,0.0,0.0,0.0,0.0,0.0,0.0,0.0,0.0
15,Arica y Parinacota,15202,General Lagos,0.0,0.0,0.0,0.0,0.0,0.0,0.0,0.0,0.0,0.0,0.0,0.0
16,Nuble,16101,Chillán,59.0,67.0,51.0,36.0,15.0,13.0,18.0,14.0,8.0,16.0,-6.0,9.0
16,Nuble,16102,Bulnes,6.0,14.0,4.0,9.0,3.0,0.0,0.0,0.0,6.0,5.0,1.0,2.0
16,Nuble,16103,Chillán Viejo,9.0,4.0,4.0,4.0,6.0,4.0,1.0,0.0,4.0,3.0,3.0,0.0
16,Nuble,16104,El Carmen,1.0,0.0,0.0,1.0,0.0,0.0,0.0,0.0,0.0,0.0,0.0,0.0
16,Nuble,16105,Pemuco,0.0,0.0,2.0,1.0,0.0,1.0,0.0,0.0,1.0,0.0,1.0,0.0
16,Nuble,16106,Pinto,1.0,4.0,3.0,1.0,0.0,0.0,0.0,0.0,1.0,0.0,1.0,0.0
16,Nuble,16107,Quillón,3.0,8.0,2.0,5.0,0.0,1.0,0.0,1.0,2.0,0.0,2.0,2.0
16,Nuble,16108,San Ignacio,0.0,2.0,3.0,0.0,0.0,0.0,-2.0,0.0,0.0,1.0,1.0,2.0
16,Nuble,16109,Yungay,6.0,3.0,16.0,11.0,1.0,4.0,0.0,3.0,1.0,0.0,2.0,4.0
16,Nuble,16201,Quirihue,0.0,0.0,1.0,3.0,0.0,0.0,-2.0,1.0,0.0,1.0,0.0,0.0
16,Nuble,16202,Cobquecura,0.0,0.0,0.0,0.0,0.0,0.0,0.0,0.0,0.0,0.0,0.0,0.0
16,Nuble,16203,Coelemu,1.0,1.0,1.0,1.0,0.0,0.0,0.0,0.0,0.0,0.0,0.0,0.0
16,Nuble,16204,Ninhue,0.0,0.0,0.0,1.0,0.0,1.0,1.0,0.0,1.0,0.0,0.0,0.0
16,Nuble,16205,Portezuelo,0.0,0.0,0.0,0.0,0.0,1.0,-1.0,0.0,0.0,0.0,0.0,0.0
16,Nuble,16206,Ránquil,1.0,4.0,2.0,2.0,0.0,1.0,-1.0,0.0,0.0,0.0,1.0,0.0
16,Nuble,16207,Treguaco,0.0,0.0,0.0,0.0,0.0,0.0,0.0,0.0,0.0,0.0,0.0,0.0
16,Nuble,16301,San Carlos,5.0,0.0,6.0,9.0,1.0,2.0,0.0,0.0,1.0,2.0,0.0,1.0
16,Nuble,16302,Coihueco,0.0,0.0,3.0,1.0,1.0,3.0,0.0,3.0,7.0,3.0,1.0,15.0
16,Nuble,16303,Ñiquén,0.0,0.0,0.0,2.0,0.0,0.0,0.0,0.0,1.0,0.0,0.0,0.0
16,Nuble,16304,San Fabián,2.0,1.0,0.0,0.0,0.0,0.0,0.0,0.0,0.0,1.0,1.0,0.0
16,Nuble,16305,San Nicolás,1.0,2.0,6.0,1.0,1.0,0.0,2.0,0.0,0.0,0.0,2.0,0.0
